model_year,make,vehicle_records,average_co2_g_km,average_combined_l_100km,average_engine_size_l,average_peer_gap_g_km,low_to_high_emission_rank
1995,GEO,3,161.6667,7.03333,1.2,0.0,1
1995,SATURN,12,210.6667,9.15,1.9,5.9166667,2
1995,HYUNDAI,11,227.0,9.86364,1.79091,9.6818182,3
1995,SUZUKI,9,227.7778,9.9,1.48889,0.0,4
1995,HONDA,18,230.1667,10.00556,1.99444,19.25,5
1995,SUBARU,15,241.0667,10.48,2.04,24.1,6
1995,EAGLE,16,245.9375,10.6875,2.1625,19.65625,7
1995,PLYMOUTH,19,253.7368,11.02632,2.58421,8.9736842,8
1995,MAZDA,37,253.8919,11.04054,2.07297,23.7162162,9
1995,PONTIAC,31,260.871,11.33871,2.89032,34.2419355,10
1995,TOYOTA,40,265.9,11.5625,2.375,15.3375,11
1995,MERCURY,12,266.25,11.575,3.21667,15.2916667,12
1995,VOLKSWAGEN,33,269.1515,11.38182,2.30909,26.5454545,13
1995,ACURA,8,269.375,11.7125,2.625,40.25,14
1995,NISSAN,32,270.75,11.76875,2.50625,21.75,15
1995,INFINITI,4,271.0,11.775,2.875,44.75,16
1995,SAAB,25,277.32,12.052,2.36,25.62,17
1995,CHRYSLER,11,278.3636,12.09091,3.03636,20.9090909,18
1995,VOLVO,20,278.4,12.1,2.42,28.25,19
1995,BUICK,14,279.6429,12.15,3.53571,22.2142857,20
1995,OLDSMOBILE,14,280.9286,12.20714,3.15,27.1071429,21
1995,BMW,24,286.5833,12.4625,2.9,62.0833333,22
1995,LEXUS,4,288.0,12.525,3.5,52.375,23
1995,AUDI,9,289.8889,12.6,2.73333,65.9444444,24
1995,LINCOLN,2,294.0,12.8,4.6,20.75,25
1995,FORD,70,315.8286,13.73,3.83857,32.75,26
1995,MERCEDES-BENZ,19,317.0,13.59474,3.96316,61.9868421,27
1995,ALFA ROMEO,2,324.5,14.1,3.0,102.0,28
1995,CADILLAC,7,327.0,14.21429,4.8,48.0714286,29
1995,PORSCHE,7,329.1429,14.31429,3.94286,66.6428571,30
1995,JEEP,15,342.6,14.89333,3.48,82.6,31
1995,DODGE,77,346.9221,15.07922,4.03766,40.762987,32
1995,CHEVROLET,109,351.3945,14.9211,4.60092,45.4977064,33
1995,JAGUAR,8,353.75,15.375,4.75,134.6875,34
1995,ISUZU,5,371.8,16.16,3.2,111.8,35
1995,GMC,76,382.0789,16.18026,5.08158,49.9736842,36
1995,LAND ROVER,3,435.6667,18.93333,4.0,175.6666667,37
1995,FERRARI,3,465.6667,20.23333,4.13333,210.5,38
1995,BENTLEY,8,489.625,21.275,6.7,240.375,39
1995,ROLLS-ROYCE,7,492.1429,21.38571,6.7,245.5,40
1996,HYUNDAI,6,204.3333,8.88333,1.5,0.0,1
1996,SATURN,12,208.75,9.075,1.9,6.3333333,2
1996,GEO,7,213.2857,9.27143,1.42857,0.0,3
1996,HONDA,19,221.6842,9.63684,1.95263,18.7894737,4
1996,SUZUKI,12,225.8333,9.81667,1.58333,0.5,5
1996,EAGLE,14,252.1429,10.96429,2.21429,21.5357143,6
1996,PONTIAC,28,253.4643,11.01786,3.02857,33.0,7
1996,SUBARU,12,253.75,11.03333,2.275,34.3333333,8
1996,TOYOTA,39,259.7436,11.29231,2.42821,9.6153846,9
1996,MERCURY,12,262.8333,11.625,3.08333,13.4166667,10
1996,ACURA,8,265.875,11.55,2.575,44.875,11
1996,PLYMOUTH,18,267.2222,11.61667,2.61111,8.7222222,12
1996,MAZDA,32,267.7813,11.6375,2.45,21.28125,13
1996,BMW,16,268.375,11.66875,2.875,42.5,14
1996,INFINITI,5,268.6,11.68,2.9,35.0,15
1996,OLDSMOBILE,11,270.7273,11.77273,3.27273,17.9545455,16
1996,NISSAN,23,271.7826,11.81304,2.5913,33.4782609,17
1996,VOLVO,15,273.5333,11.89333,2.44667,22.5333333,18
1996,BUICK,13,275.4615,11.97692,3.76923,17.0,19
1996,CHRYSLER,13,279.2308,12.14615,3.06154,15.2307692,20
1996,LEXUS,4,279.25,12.15,3.5,42.75,21
1996,SAAB,18,281.2222,12.22222,2.36111,28.2222222,22
1996,VOLKSWAGEN,35,282.8,11.65429,2.23429,35.4285714,23
1996,AUDI,9,284.5556,12.37778,2.73333,66.4444444,24
1996,LINCOLN,3,297.6667,12.93333,4.6,25.0,25
1996,MERCEDES-BENZ,15,316.0667,13.64,4.10667,73.6,26
1996,CADILLAC,5,316.2,13.74,4.82,41.4,27
1996,FORD,81,319.9136,13.90617,3.82222,38.4876543,28
1996,CHEVROLET,67,329.1642,14.19104,4.42388,39.3358209,29
1996,JAGUAR,5,330.0,14.34,4.4,93.0,30
1996,PORSCHE,4,330.75,14.375,3.6,91.75,31
1996,JEEP,9,332.5556,14.45556,3.8,34.7777778,32
1996,DODGE,70,347.1143,15.09,4.12143,50.6428571,33
1996,GMC,43,361.8372,15.54186,4.87674,40.6627907,34
1996,ISUZU,4,374.0,16.25,3.2,75.0,35
1996,LAND ROVER,3,415.6667,18.06667,4.2,116.6666667,36
1996,ROLLS-ROYCE,2,432.0,18.8,6.7,170.0,37
1996,BENTLEY,6,450.0,19.56667,6.7,205.0,38
1997,SATURN,12,204.4167,8.875,1.9,2.625,1
1997,GEO,9,220.6667,9.58889,1.46667,0.0,2
1997,SUZUKI,12,225.8333,9.81667,1.58333,0.0,3
1997,HONDA,16,230.625,10.01875,1.95625,12.84375,4
1997,HYUNDAI,13,239.0,10.39231,1.90769,19.6923077,5
1997,VOLKSWAGEN,22,242.9545,10.16364,2.22727,22.6818182,6
1997,SUBARU,14,250.5,10.87857,2.33571,26.3928571,7
1997,ACURA,13,250.8462,10.9,2.43077,37.1923077,8
1997,PONTIAC,29,254.7241,11.06897,3.06897,28.862069,9
1997,OLDSMOBILE,7,265.1429,11.52857,3.22857,13.8571429,10
1997,EAGLE,7,267.1429,11.61429,2.61429,29.8571429,11
1997,TOYOTA,36,270.5833,11.76389,2.44444,18.1319444,12
1997,NISSAN,14,270.6429,11.76429,2.54286,22.6607143,13
1997,BUICK,12,271.3333,11.8,3.50833,11.5,14
1997,MERCURY,12,271.9167,11.81667,3.08333,17.625,15
1997,PLYMOUTH,17,274.1765,11.91765,2.79412,9.8823529,16
1997,VOLVO,13,274.8462,11.95385,2.44615,19.9230769,17
1997,MAZDA,28,275.5357,11.975,2.55714,18.8571429,18
1997,BMW,25,275.72,11.984,3.072,46.12,19
1997,ISUZU,3,276.3333,12.0,2.9,26.3333333,20
1997,SAAB,8,276.875,12.0375,2.25,11.75,21
1997,AUDI,10,281.3,12.23,2.68,54.3,22
1997,CHRYSLER,18,290.9444,12.64444,3.01667,31.4444444,23
1997,LINCOLN,3,295.3333,12.83333,4.6,17.3333333,24
1997,CADILLAC,4,296.75,12.9,4.2,28.75,25
1997,INFINITI,4,303.5,13.2,3.35,56.5,26
1997,LEXUS,5,313.0,13.6,3.7,69.6,27
1997,MERCEDES-BENZ,16,314.3125,13.56875,4.11875,62.3125,28
1997,FORD,79,316.3165,13.74937,3.76962,36.0727848,29
1997,JAGUAR,5,318.6,13.84,4.0,86.45,30
1997,PORSCHE,6,319.5,13.88333,3.23333,77.8333333,31
1997,CHEVROLET,60,334.4167,14.39667,4.43833,43.0916667,32
1997,JEEP,14,334.7143,14.55,3.74286,70.4642857,33
1997,DODGE,54,338.6111,14.71852,3.95556,34.6666667,34
1997,GMC,44,359.1591,15.41818,4.86364,47.8522727,35
1997,LAND ROVER,4,410.5,17.85,4.15,146.25,36
1997,ROLLS-ROYCE,2,446.0,19.4,6.7,184.0,37
1997,BENTLEY,6,455.6667,19.81667,6.7,219.25,38
1997,FERRARI,2,516.5,22.45,4.5,297.125,39
1998,SATURN,12,206.5,8.96667,1.9,1.8333333,1
1998,SUZUKI,14,222.2857,9.65714,1.58571,0.3571429,2
1998,HONDA,14,234.0714,10.17143,2.09286,6.25,3
1998,HYUNDAI,11,239.3636,10.4,1.92727,17.0909091,4
1998,VOLKSWAGEN,22,239.6818,10.15455,2.19545,18.75,5
1998,SUBARU,16,249.4375,10.83125,2.35,20.3125,6
1998,ACURA,13,250.8462,10.9,2.43077,24.5,7
1998,PONTIAC,25,254.6,11.068,3.304,33.92,8
1998,EAGLE,4,254.75,11.075,2.0,40.75,9
1998,NISSAN,16,263.875,11.475,2.475,17.71875,10
1998,TOYOTA,35,264.8571,11.51143,2.43143,8.0714286,11
1998,PLYMOUTH,19,266.0,11.56316,2.77368,8.2631579,12
1998,MERCURY,9,266.2222,11.56667,2.66667,23.8333333,13
1998,CHRYSLER,13,267.1538,11.62308,2.75385,21.7307692,14
1998,BMW,28,269.9286,11.73571,2.86429,35.125,15
1998,AUDI,11,270.6364,11.76364,2.56364,40.7727273,16
1998,SAAB,6,271.8333,11.81667,2.2,14.0,17
1998,BUICK,9,275.1111,11.96667,3.48889,23.2222222,18
1998,MAZDA,20,279.9,12.17,2.67,16.05,19
1998,VOLVO,15,280.5333,12.19333,2.43333,32.5666667,20
1998,LEXUS,4,287.75,12.5,3.5,42.375,21
1998,OLDSMOBILE,5,288.2,12.54,3.76,21.1,22
1998,CADILLAC,4,296.75,12.9,4.2,38.875,23
1998,LINCOLN,2,300.0,13.05,4.6,37.75,24
1998,MERCEDES-BENZ,18,302.2222,13.05,3.88889,52.3333333,25
1998,PORSCHE,5,304.6,13.24,3.16,48.7,26
1998,INFINITI,3,307.6667,13.36667,3.46667,49.0,27
1998,JAGUAR,5,308.2,13.4,4.0,84.1,28
1998,CHEVROLET,67,324.806,13.99701,4.15672,38.6268657,29
1998,ISUZU,10,328.3,14.27,3.5,51.45,30
1998,FORD,74,332.4459,14.54865,3.96216,43.1554054,31
1998,DODGE,52,334.1346,14.52692,4.06731,38.7980769,32
1998,JEEP,16,339.125,14.7375,3.8,70.375,33
1998,GMC,42,367.9048,15.79762,4.85714,48.6190476,34
1998,LAND ROVER,3,411.6667,17.9,4.2,142.6666667,35
1998,ROLLS-ROYCE,1,432.0,18.8,6.7,178.5,36
1998,BENTLEY,6,454.3333,19.75,6.7,226.0,37
1998,FERRARI,5,511.2,22.22,4.7,260.9,38
1999,SATURN,12,200.6667,8.725,1.9,0.4583333,1
1999,DAEWOO,7,227.7143,9.9,1.77143,5.7857143,2
1999,SUZUKI,14,229.4286,9.97143,1.82857,1.5714286,3
1999,HONDA,15,236.4,10.27333,2.14,8.6,4
1999,HYUNDAI,12,237.4167,10.31667,2.06667,12.8333333,5
1999,VOLKSWAGEN,39,243.4359,10.37949,2.19744,20.3717949,6
1999,ACURA,11,245.0,10.64545,2.37273,22.1818182,7
1999,SUBARU,16,250.75,10.89375,2.35,22.25,8
1999,PONTIAC,24,253.6667,11.025,3.35417,34.8541667,9
1999,TOYOTA,36,253.8333,11.03333,2.33611,9.0138889,10
1999,MERCURY,12,263.4167,11.44167,2.71667,25.2916667,11
1999,PLYMOUTH,13,270.2308,11.74615,2.91538,6.9230769,12
1999,VOLVO,22,271.0455,11.78182,2.39545,24.6818182,13
1999,CHRYSLER,14,272.1429,11.83571,2.87857,15.4285714,14
1999,AUDI,13,272.1538,11.83077,2.52308,37.3076923,15
1999,BUICK,7,273.1429,11.87143,3.7,9.8571429,16
1999,SAAB,5,273.4,11.88,2.32,16.4,17
1999,MAZDA,22,274.5,11.93182,2.6,9.4545455,18
1999,NISSAN,16,276.0,12.0,2.60625,17.25,19
1999,OLDSMOBILE,8,276.625,12.025,3.5125,19.125,20
1999,INFINITI,5,281.8,12.24,2.88,31.7,21
1999,BMW,38,281.9474,12.25789,3.05789,46.8815789,22
1999,MERCEDES-BENZ,24,300.7917,13.0125,3.8625,51.0208333,23
1999,PORSCHE,4,303.25,13.175,2.95,48.25,24
1999,LEXUS,7,305.2857,13.27143,3.52857,39.0714286,25
1999,JAGUAR,6,309.6667,13.46667,4.0,75.0833333,26
1999,CHEVROLET,66,316.7121,13.72576,4.04545,34.6856061,27
1999,ISUZU,7,320.8571,13.94286,3.15714,37.8214286,28
1999,CADILLAC,5,324.2,14.1,4.5,57.3,29
1999,JEEP,14,328.5714,14.27857,3.51429,40.5357143,30
1999,FORD,80,329.0625,14.65,3.77,38.4375,31
1999,DODGE,55,352.6909,15.54,4.34364,50.1272727,32
1999,GMC,40,358.525,15.5175,4.7325,42.66875,33
1999,LINCOLN,4,371.5,16.15,5.0,91.25,34
1999,LAND ROVER,4,413.0,17.95,4.15,123.5,35
1999,ROLLS-ROYCE,1,428.0,18.6,5.4,170.0,36
1999,BENTLEY,5,452.4,19.68,6.24,231.8,37
1999,FERRARI,5,513.4,22.32,4.7,267.8,38
2000,SATURN,15,217.0667,9.44,2.10667,1.6666667,1
2000,SUZUKI,13,229.0,9.95385,1.84615,1.0769231,2
2000,HONDA,17,231.7059,10.07059,2.06471,8.0,3
2000,DAEWOO,10,232.8,10.12,1.86,17.175,4
2000,HYUNDAI,10,234.2,10.18,1.99,11.85,5
2000,VOLKSWAGEN,36,241.4444,10.30278,2.12222,17.3472222,6
2000,SUBARU,12,247.6667,10.76667,2.4,19.4166667,7
2000,PONTIAC,21,248.0476,10.78095,3.04286,23.8690476,8
2000,ACURA,9,252.3333,10.96667,2.38889,26.9722222,9
2000,OLDSMOBILE,5,262.4,11.4,3.02,20.8,10
2000,KIA,4,263.5,11.45,1.9,7.0,11
2000,SAAB,9,269.4444,11.71111,2.38889,11.1666667,12
2000,CHRYSLER,19,270.0,11.73158,2.83158,21.6973684,13
2000,TOYOTA,43,272.6512,11.85349,2.62093,10.5348837,14
2000,BUICK,6,273.0,11.86667,3.68333,12.375,15
2000,VOLVO,21,273.2857,11.87619,2.40476,27.4880952,16
2000,MAZDA,20,273.9,11.905,2.525,13.925,17
2000,INFINITI,4,274.0,11.9,2.575,25.0,18
2000,AUDI,22,280.5909,12.19545,2.54545,38.9090909,19
2000,BMW,29,291.2414,12.65862,3.31034,58.0086207,20
2000,MERCEDES-BENZ,22,291.7727,12.68182,3.80455,44.9545455,21
2000,PORSCHE,8,304.5,13.2375,3.175,24.875,22
2000,LEXUS,7,305.2857,13.27143,3.52857,37.7142857,23
2000,PLYMOUTH,1,308.0,13.4,3.5,89.75,24
2000,JAGUAR,10,311.9,13.56,3.9,65.45,25
2000,NISSAN,19,314.5263,13.66842,2.98421,26.4736842,26
2000,CHEVROLET,63,318.5238,13.84603,3.99048,34.0714286,27
2000,CADILLAC,5,323.0,14.04,4.5,56.95,28
2000,FORD,62,324.8548,14.11774,3.89032,32.4879032,29
2000,LINCOLN,6,325.3333,14.13333,4.08333,59.5833333,30
2000,ISUZU,8,325.375,14.15,3.3,41.46875,31
2000,JEEP,8,342.625,14.9,3.7125,50.625,32
2000,GMC,38,364.3684,15.83684,4.61842,43.0065789,33
2000,DODGE,46,367.1522,16.26739,4.68261,48.5543478,34
2000,LAND ROVER,3,421.3333,18.3,4.2,129.3333333,35
2000,FERRARI,7,506.2857,22.0,4.95714,269.1785714,36
2001,SATURN,15,216.4,9.41333,2.10667,1.7333333,1
2001,HONDA,14,227.4286,9.88571,2.09286,5.3214286,2
2001,DAEWOO,10,232.8,10.12,1.86,10.3,3
2001,HYUNDAI,12,235.75,10.24167,2.06667,4.9583333,4
2001,VOLKSWAGEN,35,239.0,10.19429,2.12,16.7,5
2001,SUZUKI,15,242.3333,10.53333,1.96,6.6666667,6
2001,SUBARU,13,250.2308,10.87692,2.44615,17.4615385,7
2001,ACURA,11,256.0,11.12727,2.58182,20.1590909,8
2001,KIA,10,256.5,11.15,2.04,23.2,9
2001,PONTIAC,19,263.3684,11.44737,3.41579,21.8157895,10
2001,SAAB,15,263.5333,11.45333,2.31333,9.1333333,11
2001,VOLVO,24,263.5417,11.45,2.3625,27.1354167,12
2001,CHRYSLER,25,268.2,11.656,2.852,16.66,13
2001,OLDSMOBILE,7,268.7143,11.68571,3.22857,24.0,14
2001,BUICK,6,269.1667,11.7,3.68333,7.4166667,15
2001,TOYOTA,36,273.4167,11.88611,2.76111,13.0625,16
2001,MAZDA,24,275.2083,11.9625,2.5375,9.3333333,17
2001,INFINITI,5,280.6,12.2,2.92,31.2,18
2001,BMW,43,288.5581,12.53953,3.15814,48.0872093,19
2001,AUDI,24,289.125,12.57083,2.675,42.1666667,20
2001,MERCEDES-BENZ,29,296.7586,12.9,3.98621,44.7155172,21
2001,CADILLAC,4,297.5,12.95,4.2,37.375,22
2001,NISSAN,23,304.5217,13.23478,2.8913,21.1304348,23
2001,PORSCHE,10,308.7,13.42,3.26,40.7,24
2001,JAGUAR,10,310.4,13.49,3.9,63.35,25
2001,LEXUS,8,310.625,13.5,3.5375,48.78125,26
2001,PLYMOUTH,1,311.0,13.5,3.5,52.0,27
2001,FORD,63,315.9524,13.83333,3.78413,22.5634921,28
2001,CHEVROLET,60,319.0833,14.035,4.00833,30.5083333,29
2001,LINCOLN,7,322.5714,14.01429,4.05714,57.7142857,30
2001,JEEP,9,344.5556,14.97778,3.71111,62.75,31
2001,ISUZU,4,348.75,15.15,3.35,59.75,32
2001,GMC,41,363.561,16.04634,4.54146,47.9512195,33
2001,DODGE,47,382.8511,16.78723,4.89787,50.1702128,34
2002,HONDA,13,219.6923,9.54615,2.13077,0.8461538,1
2002,SATURN,18,229.7778,9.98889,2.2,0.5555556,2
2002,VOLKSWAGEN,34,237.6471,10.12941,2.15882,14.4411765,3
2002,HYUNDAI,12,240.0,10.425,2.21667,4.1458333,4
2002,DAEWOO,14,240.5,10.45,1.9,12.9642857,5
2002,ACURA,11,253.3636,11.01818,2.63636,18.0681818,6
2002,SAAB,15,258.8,11.25333,2.31333,7.0,7
2002,SUBARU,16,261.9375,11.38125,2.4375,22.75,8
2002,VOLVO,22,263.4091,11.45455,2.36364,28.8522727,9
2002,SUZUKI,11,263.7273,11.46364,2.14545,9.7272727,10
2002,TOYOTA,33,264.2727,11.48788,2.69091,12.1893939,11
2002,PONTIAC,20,264.65,11.505,3.395,16.3875,12
2002,CHRYSLER,21,267.619,11.63333,2.89048,15.047619,13
2002,KIA,9,268.1111,11.65556,2.13333,19.6111111,14
2002,OLDSMOBILE,9,273.2222,11.87778,3.31111,20.6388889,15
2002,BUICK,8,273.75,11.9,3.6125,7.21875,16
2002,MAZDA,23,273.8261,11.90435,2.56087,8.3695652,17
2002,INFINITI,5,280.8,12.2,3.1,33.75,18
2002,BMW,45,286.7333,12.46,3.02222,43.75,19
2002,AUDI,24,291.9167,12.69583,2.775,47.0208333,20
2002,JAGUAR,14,301.3571,13.1,3.57143,57.9285714,21
2002,MERCEDES-BENZ,34,302.2941,13.14118,3.98235,58.0661765,22
2002,PORSCHE,17,302.5882,13.15294,3.44706,25.5882353,23
2002,LEXUS,10,303.4,13.19,3.56,49.75,24
2002,NISSAN,27,304.5185,13.23704,3.01852,23.9814815,25
2002,FORD,66,315.7727,13.8197,3.77424,23.1477273,26
2002,LINCOLN,8,321.0,13.95,3.925,56.34375,27
2002,CHEVROLET,75,332.48,15.18933,4.23867,36.5,28
2002,ISUZU,4,348.75,15.15,3.35,61.5,29
2002,JEEP,7,353.8571,15.38571,3.62857,66.6071429,30
2002,CADILLAC,5,356.8,15.5,5.16,73.55,31
2002,GMC,52,371.3269,17.15385,4.75769,54.2307692,32
2002,DODGE,43,380.0698,16.80465,4.75581,51.2267442,33
2002,LAND ROVER,2,433.5,18.85,4.3,146.25,34
2002,ROLLS-ROYCE,3,436.3333,18.96667,5.83333,182.3333333,35
2002,BENTLEY,6,458.8333,19.95,6.7,213.3333333,36
2002,FERRARI,4,473.0,20.55,3.6,208.0,37
2003,MINI,3,207.0,9.0,1.6,0.0,1
2003,HONDA,19,226.5263,9.84211,2.25789,2.9473684,2
2003,VOLKSWAGEN,46,239.7391,10.22391,2.26957,15.4565217,3
2003,HYUNDAI,17,246.1176,10.69412,2.27647,9.6470588,4
2003,SATURN,13,247.6154,10.76154,2.44615,3.4615385,5
2003,SUZUKI,18,247.8333,10.77222,2.13333,9.2222222,6
2003,PONTIAC,18,248.5,10.80556,2.85,9.5555556,7
2003,SAAB,16,252.0625,10.95625,2.15,15.5625,8
2003,ACURA,12,254.5,11.06667,2.68333,24.8333333,9
2003,TOYOTA,41,261.122,11.35122,2.62439,11.4878049,10
2003,SUBARU,25,262.12,11.392,2.46,25.44,11
2003,MITSUBISHI,18,268.5556,11.67222,2.69444,16.4444444,12
2003,CHRYSLER,22,268.5909,12.08636,3.09545,16.7272727,13
2003,VOLVO,22,268.7727,11.68636,2.41364,27.4545455,14
2003,KIA,11,271.1818,11.78182,2.5,26.5454545,15
2003,OLDSMOBILE,7,271.5714,11.81429,3.25714,24.0,16
2003,BUICK,8,273.375,11.8875,3.6125,10.625,17
2003,MAZDA,24,275.9167,12.22083,2.59167,8.75,18
2003,AUDI,29,279.8966,12.16897,2.71034,39.8965517,19
2003,BMW,48,287.3333,12.4875,3.14167,47.8333333,20
2003,NISSAN,28,291.6429,12.67857,3.05,22.2142857,21
2003,JAGUAR,16,298.8125,12.99375,3.6375,54.0625,22
2003,MERCEDES-BENZ,29,299.4138,13.01034,3.34483,57.6551724,23
2003,INFINITI,10,302.3,13.14,3.8,57.0,24
2003,LEXUS,11,302.6364,13.16364,3.62727,53.2727273,25
2003,LINCOLN,6,304.1667,13.23333,3.83333,45.0,26
2003,PORSCHE,19,309.5263,13.45263,3.55789,50.9473684,27
2003,FORD,73,317.274,13.98082,3.8137,27.5821918,28
2003,JEEP,9,323.2222,14.05556,3.47778,42.2222222,29
2003,DODGE,47,340.5319,15.3383,4.31702,34.8617021,30
2003,CADILLAC,7,345.0,14.98571,4.8,71.4642857,31
2003,CHEVROLET,71,348.4225,15.61972,4.44648,48.3838028,32
2003,ISUZU,2,368.0,16.0,4.75,87.0,33
2003,GMC,55,376.2364,16.96545,4.85091,63.2318182,34
2003,LAND ROVER,4,380.5,16.525,3.5,99.5,35
2003,MASERATI,4,444.0,19.3,4.2,189.0,36
2003,BENTLEY,5,474.2,20.62,6.7,228.2,37
2003,FERRARI,7,510.4286,22.18571,5.08571,252.4285714,38
2004,MINI,3,207.0,9.0,1.6,0.0,1
2004,HONDA,20,230.3,10.005,2.275,2.9,2
2004,SATURN,12,244.6667,10.63333,2.55,1.0,3
2004,ACURA,12,244.75,10.64167,2.56667,12.4166667,4
2004,PONTIAC,17,245.3529,10.66471,2.83529,7.7647059,5
2004,VOLKSWAGEN,47,245.4468,10.46809,2.34894,17.5319149,6
2004,HYUNDAI,17,253.5882,11.02353,2.42353,12.8823529,7
2004,SUZUKI,15,257.9333,11.21333,2.32667,5.7333333,8
2004,SAAB,20,258.0,11.21,2.15,21.7,9
2004,TOYOTA,41,260.3171,11.31463,2.74634,10.6341463,10
2004,SUBARU,31,263.9032,11.47742,2.5,25.2903226,11
2004,OLDSMOBILE,6,266.1667,11.56667,3.13333,17.9166667,12
2004,CHRYSLER,24,266.625,11.77917,2.925,10.875,13
2004,MITSUBISHI,25,268.16,11.656,2.876,20.26,14
2004,MAZDA,26,270.0,11.73462,2.56923,9.7115385,15
2004,VOLVO,26,271.2308,11.78846,2.43846,27.9807692,16
2004,KIA,10,275.3,11.96,2.59,24.1,17
2004,BMW,61,279.3607,12.14426,3.13934,35.8114754,18
2004,AUDI,33,281.9091,12.25758,2.86667,41.6212121,19
2004,JAGUAR,15,292.8667,12.74,3.65333,51.8666667,20
2004,LEXUS,14,297.7143,12.95,3.6,35.8928571,21
2004,INFINITI,10,298.0,12.96,3.8,55.8,22
2004,NISSAN,36,298.4722,12.97778,3.35278,22.6388889,23
2004,BUICK,13,302.4615,13.14615,3.96154,25.1153846,24
2004,LINCOLN,6,309.1667,13.43333,3.83333,43.9166667,25
2004,MERCEDES-BENZ,58,312.3621,13.57759,3.87241,67.3189655,26
2004,FORD,69,319.6377,14.31449,3.94493,34.1666667,27
2004,JEEP,9,324.8889,14.12222,3.47778,29.2222222,28
2004,DODGE,28,333.1429,14.47857,4.11786,38.5892857,29
2004,CADILLAC,12,335.8333,14.6,4.58333,51.9166667,30
2004,CHEVROLET,93,345.4731,15.88925,4.4828,43.6129032,31
2004,GMC,67,375.0448,17.19104,4.89552,57.1268657,32
2004,LAND ROVER,4,380.5,16.525,3.5,83.0,33
2004,PORSCHE,2,402.5,17.5,4.5,105.0,34
2004,ROLLS-ROYCE,1,403.0,17.5,6.7,148.0,35
2004,MASERATI,4,440.5,19.15,4.2,193.5,36
2004,FERRARI,9,481.7778,20.94444,4.53333,223.2777778,37
2004,BENTLEY,2,497.0,21.6,6.7,232.5,38
2005,SMART,1,140.0,5.2,0.8,0.0,1
2005,MINI,6,210.1667,9.13333,1.6,0.0,2
2005,HONDA,19,216.6842,9.41579,2.3,3.4473684,3
2005,SUZUKI,11,246.9091,10.73636,2.26364,8.7045455,4
2005,VOLKSWAGEN,51,247.1765,10.45294,2.28627,15.1078431,5
2005,TOYOTA,41,247.4146,10.75366,2.70976,11.2439024,6
2005,PONTIAC,24,248.375,10.79583,2.99583,10.5,7
2005,ACURA,13,249.3077,10.83846,2.6,16.3846154,8
2005,HYUNDAI,20,257.95,11.215,2.43,13.8,9
2005,SATURN,12,258.1667,11.21667,2.68333,5.8333333,10
2005,SUBARU,30,259.8667,11.29667,2.45,17.5833333,11
2005,MITSUBISHI,22,260.5909,11.32727,2.72727,15.5,12
2005,SAAB,27,262.0741,11.38519,2.27037,24.4814815,13
2005,VOLVO,35,268.3714,11.66857,2.48857,29.8142857,14
2005,MAZDA,31,270.0968,11.74194,2.57419,12.5,15
2005,KIA,15,270.6,11.76,2.51333,16.5333333,16
2005,CHRYSLER,32,274.375,12.06563,3.15313,18.9375,17
2005,NISSAN,32,278.4375,12.10625,3.37188,15.578125,18
2005,BMW,66,281.3485,12.22727,3.17879,35.1098485,19
2005,AUDI,35,283.6286,12.33429,3.02286,42.3857143,20
2005,BUICK,14,290.4286,12.62143,3.74286,20.2857143,21
2005,JAGUAR,21,290.619,12.64286,3.53333,46.2619048,22
2005,FORD,61,298.9344,13.4541,3.57541,25.4262295,23
2005,LEXUS,13,301.8462,13.13077,3.67692,39.5961538,24
2005,LINCOLN,6,306.5,13.33333,3.83333,45.3333333,25
2005,INFINITI,8,316.25,13.75,4.0125,70.125,26
2005,PORSCHE,51,317.9608,13.82157,3.67647,53.5882353,27
2005,MERCEDES-BENZ,53,321.8679,13.96038,4.21321,74.4245283,28
2005,CHEVROLET,100,331.24,15.081,4.327,45.295,29
2005,DODGE,48,338.0,15.47292,4.28333,49.7604167,30
2005,CADILLAC,18,339.3889,14.75556,4.41667,71.75,31
2005,JEEP,11,342.4545,14.70909,3.88182,64.6363636,32
2005,GMC,71,362.9859,16.55352,4.79296,63.6901408,33
2005,LAND ROVER,4,376.75,16.375,3.825,98.75,34
2005,ROLLS-ROYCE,1,403.0,17.5,6.7,152.0,35
2005,MASERATI,5,440.2,19.14,4.2,186.2,36
2005,FERRARI,8,476.875,20.725,4.65,218.0,37
2005,BENTLEY,3,477.0,20.73333,6.46667,224.6666667,38
2006,SMART,2,140.0,5.2,0.8,0.0,1
2006,MINI,8,214.625,9.325,1.6,0.0,2
2006,HONDA,21,239.3333,10.4,2.49048,3.9761905,3
2006,ACURA,11,243.5455,10.58182,2.56364,12.9090909,4
2006,SUZUKI,13,244.1538,10.61538,2.3,8.7692308,5
2006,VOLKSWAGEN,27,245.0741,10.28889,2.54074,19.537037,6
2006,HYUNDAI,22,246.6818,10.72727,2.38182,10.6363636,7
2006,SATURN,12,249.6667,10.85,2.79167,6.2916667,8
2006,PONTIAC,27,251.7778,10.94444,3.0,17.3888889,9
2006,TOYOTA,36,256.3056,11.14444,3.0,13.875,10
2006,SUBARU,33,260.3939,11.31818,2.5303,20.2727273,11
2006,JAGUAR,16,260.8125,11.33125,3.825,24.203125,12
2006,KIA,15,264.1333,11.48,2.53333,16.3166667,13
2006,MITSUBISHI,17,264.1765,11.48235,2.84706,22.5294118,14
2006,MAZDA,32,264.3125,11.49063,2.54688,12.515625,15
2006,VOLVO,37,265.027,11.52162,2.51892,28.4054054,16
2006,CHRYSLER,32,273.7188,12.0375,3.14375,20.90625,17
2006,LEXUS,17,273.9412,11.91176,3.51765,27.1323529,18
2006,SAAB,20,275.7,11.98,2.625,42.4,19
2006,AUDI,27,282.5926,12.28519,3.15556,47.4259259,20
2006,NISSAN,34,284.8235,12.38235,3.42353,23.4558824,21
2006,BMW,56,289.6429,12.5875,3.51429,46.7678571,22
2006,FORD,49,295.6122,12.85306,3.53061,26.6020408,23
2006,BUICK,13,296.6154,12.88462,3.87692,25.6730769,24
2006,INFINITI,9,301.7778,13.12222,3.84444,56.5277778,25
2006,PORSCHE,27,308.1481,13.39259,3.67778,53.1111111,26
2006,MERCEDES-BENZ,59,315.0169,13.6678,4.25593,68.7711864,27
2006,CHEVROLET,111,315.8018,14.23333,4.24144,33.8873874,28
2006,LINCOLN,6,319.3333,13.88333,4.36667,45.7083333,29
2006,CADILLAC,18,323.5,14.06667,4.37778,59.6805556,30
2006,DODGE,54,343.3889,15.76667,4.52778,54.7268519,31
2006,GMC,66,345.0606,15.58485,4.64848,44.3712121,32
2006,HUMMER,2,348.5,15.15,3.5,74.5,33
2006,JEEP,15,352.2667,15.18,4.19333,78.2666667,34
2006,LAND ROVER,6,383.6667,16.66667,4.26667,109.6666667,35
2006,MASERATI,7,403.0,17.51429,4.2,155.75,36
2006,ROLLS-ROYCE,1,403.0,17.5,6.7,152.0,36
2006,FERRARI,6,432.1667,18.78333,4.76667,171.8333333,38
2006,BENTLEY,4,465.5,20.225,6.35,216.0625,39
2007,MINI,8,206.25,8.9625,1.6,0.0,1
2007,HONDA,24,239.2083,10.39583,2.47083,7.5833333,2
2007,SUZUKI,14,241.7857,10.51429,2.31429,10.3928571,3
2007,PONTIAC,30,247.5667,10.93667,2.91667,15.6,4
2007,VOLKSWAGEN,29,249.0,10.82414,2.53103,15.7931034,5
2007,KIA,18,250.5,10.88889,2.57778,9.4861111,6
2007,SATURN,22,251.6818,11.17273,2.82727,7.9545455,7
2007,HYUNDAI,23,252.4783,10.97391,2.61739,13.3043478,8
2007,ACURA,11,255.7273,11.11818,2.77273,21.9090909,9
2007,TOYOTA,35,257.7429,11.20571,3.11429,13.1714286,10
2007,SUBARU,28,258.4643,11.23214,2.53571,17.1964286,11
2007,MAZDA,28,265.8929,11.55714,2.50714,16.6071429,12
2007,VOLVO,38,269.2632,11.70789,2.55789,30.1315789,13
2007,MITSUBISHI,15,272.0,11.82,3.22667,27.5333333,14
2007,LEXUS,17,272.7059,11.85294,3.67647,34.7941176,15
2007,SAAB,18,274.3333,11.92778,2.63889,41.3333333,16
2007,PORSCHE,34,275.0294,11.95588,3.45294,19.3235294,17
2007,NISSAN,26,275.0385,11.95769,3.37308,21.8461538,18
2007,CHRYSLER,31,275.1935,12.25161,3.31613,24.5806452,19
2007,BMW,60,289.35,12.58333,3.53333,51.75,20
2007,JAGUAR,14,291.9286,12.69286,3.94286,44.5535714,21
2007,BUICK,10,292.1,13.21,4.05,29.375,22
2007,AUDI,32,292.6875,12.725,3.40938,58.8671875,23
2007,FORD,60,298.8667,13.395,3.69,29.0083333,24
2007,JEEP,27,302.7778,13.6037,3.51481,48.4444444,25
2007,INFINITI,11,308.3636,13.40909,3.87273,56.1136364,26
2007,CHEVROLET,127,309.3622,14.33858,4.34724,23.4606299,27
2007,LINCOLN,6,310.1667,13.48333,4.0,44.625,28
2007,DODGE,59,313.4237,14.59831,4.01186,30.6610169,29
2007,CADILLAC,18,318.1111,13.82778,4.21111,71.875,30
2007,MERCEDES-BENZ,53,327.283,14.08679,4.3566,80.5283019,31
2007,GMC,80,341.125,15.92125,4.915,30.9875,32
2007,MASERATI,1,363.0,15.8,4.2,85.75,33
2007,HUMMER,2,363.5,15.8,3.7,94.5,34
2007,LAND ROVER,6,380.3333,16.53333,4.26667,111.3333333,35
2007,ROLLS-ROYCE,1,391.0,17.0,6.7,161.0,36
2007,ASTON MARTIN,6,401.8333,17.46667,5.36667,143.8333333,37
2007,FERRARI,8,442.0,19.2125,5.075,199.5,38
2007,BENTLEY,5,448.8,19.5,6.28,220.2,39
2007,LAMBORGHINI,8,450.25,19.575,5.375,195.25,40
2008,SMART,2,150.0,6.5,1.0,0.0,1
2008,MINI,12,197.0833,8.575,1.6,0.0,2
2008,SUZUKI,16,236.375,10.275,2.2375,8.78125,3
2008,HONDA,26,239.1154,10.39615,2.52308,7.2307692,4
2008,VOLKSWAGEN,28,244.9643,10.64643,2.42857,15.5178571,5
2008,PONTIAC,29,246.4828,10.88966,2.86897,14.0862069,6
2008,HYUNDAI,23,251.5652,10.93478,2.61739,12.9673913,7
2008,SUBARU,32,254.5313,11.05938,2.55,13.4375,8
2008,SATURN,19,255.0526,11.08421,2.85263,11.9473684,9
2008,KIA,20,255.65,11.115,2.65,13.3625,10
2008,ACURA,11,255.7273,11.11818,2.77273,23.2727273,11
2008,MITSUBISHI,18,263.9444,11.47778,2.78889,23.3888889,12
2008,MAZDA,32,264.4688,11.49688,2.56875,19.6171875,13
2008,NISSAN,37,266.5676,11.58919,3.30541,25.3918919,14
2008,TOYOTA,35,266.6286,11.59143,3.35714,24.2,15
2008,VOLVO,33,266.6667,11.59394,2.73333,36.3939394,16
2008,LEXUS,18,270.9444,11.77778,3.90556,29.1944444,17
2008,CHRYSLER,30,278.2,12.4,3.43667,29.3666667,18
2008,BUICK,7,279.8571,12.17143,4.04286,28.5,19
2008,PORSCHE,40,280.25,12.1825,3.555,19.45,20
2008,SAAB,23,286.0,12.43478,2.81304,55.4782609,21
2008,BMW,70,287.5571,12.50571,3.46571,54.5857143,22
2008,AUDI,45,288.9556,12.56444,3.35778,58.7333333,23
2008,JAGUAR,14,291.9286,12.69286,3.94286,45.1071429,24
2008,JEEP,25,293.04,13.156,3.492,40.28,25
2008,LINCOLN,8,301.0,13.7625,4.15,33.4375,26
2008,CHEVROLET,110,302.6545,14.07364,4.29818,21.525,27
2008,FORD,53,303.1887,13.63962,3.77736,32.8679245,28
2008,DODGE,59,304.8475,14.03898,4.1,27.440678,29
2008,CADILLAC,19,306.3158,13.31579,4.13684,61.2368421,30
2008,INFINITI,13,306.4615,13.32308,3.92308,52.8461538,31
2008,MERCEDES-BENZ,63,333.8571,14.46667,4.45873,88.3174603,32
2008,GMC,65,335.2615,15.73077,4.90615,29.2576923,33
2008,LAND ROVER,8,359.375,15.625,4.0,90.375,34
2008,HUMMER,3,373.3333,16.23333,4.23333,104.3333333,35
2008,MASERATI,2,376.0,16.35,4.2,129.0,36
2008,ROLLS-ROYCE,3,391.0,17.0,6.7,161.0,37
2008,ASTON MARTIN,6,401.8333,17.46667,5.36667,140.1666667,38
2008,FERRARI,9,432.1111,18.78889,4.98889,188.2222222,39
2008,BENTLEY,5,449.6,19.54,6.32,221.6,40
2008,LAMBORGHINI,8,480.25,20.8875,5.75,225.25,41
2009,SMART,2,150.0,6.5,1.0,0.0,1
2009,MINI,15,186.0,8.1,1.6,0.0,2
2009,HONDA,23,236.6522,10.28696,2.57826,7.6195652,3
2009,PONTIAC,36,238.8889,10.63056,2.825,14.0138889,4
2009,VOLKSWAGEN,39,240.6923,10.34103,2.4,14.1282051,5
2009,SUZUKI,18,241.7222,10.50556,2.40556,10.9722222,6
2009,HYUNDAI,23,246.3478,10.7087,2.79565,8.4565217,7
2009,SATURN,18,252.7222,10.98889,2.81667,14.1944444,8
2009,KIA,20,252.75,10.985,2.715,14.625,9
2009,ACURA,10,254.8,11.07,2.77,26.75,10
2009,SUBARU,20,255.4,11.095,2.605,21.6875,11
2009,TOYOTA,41,261.3171,11.36098,3.23659,23.5792683,12
2009,MITSUBISHI,26,262.4231,11.40769,2.76154,31.9903846,13
2009,MAZDA,27,263.2963,11.44815,2.7,23.6666667,14
2009,NISSAN,39,265.3333,11.5359,3.33333,27.1538462,15
2009,VOLVO,31,266.2903,11.58065,2.74839,37.8064516,16
2009,CHRYSLER,18,269.9444,12.23889,3.73889,24.4722222,17
2009,BUICK,7,276.1429,12.67143,4.1,26.6428571,18
2009,LEXUS,19,276.1579,12.00526,4.01053,46.0921053,19
2009,SAAB,27,279.6296,12.15556,2.69259,52.3518519,20
2009,LINCOLN,7,283.0,13.04286,3.87143,27.0714286,21
2009,AUDI,36,288.1389,12.52778,3.41944,54.9652778,22
2009,JEEP,23,290.087,13.15217,3.50435,44.1956522,23
2009,PORSCHE,33,290.1818,12.60909,3.87879,44.0909091,24
2009,FORD,50,290.58,13.092,3.77,28.615,25
2009,BMW,66,290.9091,12.59697,3.4697,63.9280303,26
2009,CHEVROLET,133,292.406,13.93158,4.29248,19.3984962,27
2009,JAGUAR,11,293.4545,12.75455,4.2,52.6363636,28
2009,INFINITI,14,293.6429,12.76429,3.98571,46.4285714,29
2009,DODGE,49,304.5102,14.18571,4.26939,28.3469388,30
2009,CADILLAC,22,309.8182,13.76818,4.41818,69.7045455,31
2009,GMC,82,326.7317,15.64634,5.05122,26.0853659,32
2009,MERCEDES-BENZ,62,330.8871,14.33387,4.42258,88.1290323,33
2009,HUMMER,6,355.3333,15.45,4.23333,64.5833333,34
2009,LAND ROVER,7,370.2857,16.1,4.11429,110.7857143,35
2009,MASERATI,2,384.0,16.7,4.2,137.75,36
2009,ASTON MARTIN,6,384.6667,16.71667,5.5,129.3333333,37
2009,ROLLS-ROYCE,3,391.0,17.0,6.7,168.1666667,38
2009,FERRARI,10,430.5,18.72,4.92,181.5,39
2009,LAMBORGHINI,8,452.375,19.675,5.85,187.375,40
2009,BENTLEY,7,457.7143,19.9,6.45714,227.1428571,41
2010,SMART,2,150.0,6.5,1.0,0.0,1
2010,MINI,15,186.0,8.1,1.6,0.0,2
2010,PONTIAC,12,200.5833,8.71667,1.98333,6.5833333,3
2010,SUZUKI,15,222.8667,9.68667,2.18667,10.9833333,4
2010,HONDA,26,228.1538,9.91538,2.56538,10.9423077,5
2010,HYUNDAI,25,228.8,9.948,2.716,8.08,6
2010,VOLKSWAGEN,38,232.8947,9.87105,2.33684,14.0394737,7
2010,KIA,25,236.72,10.288,2.552,14.27,8
2010,SUBARU,41,246.7561,10.72439,2.63415,26.0853659,9
2010,MITSUBISHI,15,250.0,10.87333,2.37333,32.0166667,10
2010,NISSAN,40,252.4,10.97,3.1025,24.8875,11
2010,ACURA,12,253.0833,10.99167,2.90833,33.6458333,12
2010,MAZDA,31,253.2903,11.31613,2.57419,21.4032258,13
2010,TOYOTA,46,253.6087,11.02609,3.16957,21.076087,14
2010,LEXUS,26,259.2692,11.26923,3.75,38.4519231,15
2010,VOLVO,30,262.3,11.4,2.82,40.4833333,16
2010,CHRYSLER,15,268.1333,12.27333,3.56667,29.5333333,17
2010,JEEP,20,272.45,11.845,3.17,39.35,18
2010,FORD,57,276.0175,12.75789,3.61053,30.2236842,19
2010,AUDI,34,277.3235,11.95882,3.12941,51.4264706,20
2010,BUICK,8,277.375,12.6375,3.65,36.75,21
2010,CHEVROLET,104,279.125,13.56058,4.07596,19.4278846,22
2010,PORSCHE,44,280.1136,12.17045,3.8,30.8181818,23
2010,LINCOLN,12,284.4167,13.23333,3.91667,30.8333333,24
2010,CADILLAC,21,284.5714,12.65238,4.02857,58.7619048,25
2010,INFINITI,16,290.8125,12.64375,3.95,54.15625,26
2010,BMW,82,292.122,12.65732,3.55122,63.2530488,27
2010,JAGUAR,7,300.1429,13.04286,4.88571,62.0,28
2010,DODGE,40,309.0,14.395,4.385,33.15,29
2010,GMC,67,315.6567,15.47612,4.83731,29.5895522,30
2010,MERCEDES-BENZ,57,335.9649,14.49825,4.51053,99.5307018,31
2010,HUMMER,8,360.25,17.45,4.5,78.25,32
2010,LAND ROVER,5,373.2,16.22,4.64,129.2,33
2010,ASTON MARTIN,6,378.5,16.45,5.5,127.5,34
2010,MASERATI,4,379.5,16.5,4.45,134.25,35
2010,ROLLS-ROYCE,5,384.2,16.7,6.68,148.7,36
2010,BENTLEY,5,432.2,18.78,6.16,209.1,37
2010,FERRARI,5,435.8,18.94,5.54,202.8,38
2010,LAMBORGHINI,8,455.5,19.8125,5.85,204.5,39
2010,BUGATTI,1,566.0,24.6,8.0,315.0,40
2011,SMART,2,150.0,6.5,1.0,0.0,1
2011,MINI,21,185.5238,8.0619,1.6,0.5238095,2
2011,SCION,6,205.8333,8.95,2.23333,12.1666667,3
2011,HONDA,28,217.3929,9.45,2.48929,11.8839286,4
2011,SUZUKI,16,218.75,9.50625,2.175,14.84375,5
2011,KIA,34,223.6471,9.72353,2.54118,10.0588235,6
2011,VOLKSWAGEN,28,228.1429,9.76071,2.37143,16.7232143,7
2011,HYUNDAI,30,228.8667,9.95,2.66667,10.1083333,8
2011,MAZDA,27,241.037,10.82963,2.42963,20.962963,9
2011,MITSUBISHI,23,243.4348,10.57826,2.53913,26.3043478,10
2011,NISSAN,42,247.8571,10.77381,2.98571,25.5119048,11
2011,CHRYSLER,14,251.3571,12.25714,3.55714,20.8571429,12
2011,ACURA,13,251.6923,10.93077,2.96923,40.9615385,13
2011,TOYOTA,48,252.0833,10.95833,3.15417,23.921875,14
2011,LEXUS,25,252.4,10.968,3.66,39.93,15
2011,JEEP,18,253.2222,11.29444,2.85556,25.0555556,16
2011,SUBARU,23,254.3478,11.05217,2.64348,42.4347826,17
2011,BUICK,13,255.8462,12.13077,3.04615,31.6923077,18
2011,VOLVO,17,263.6471,11.45882,2.97647,42.1176471,19
2011,PORSCHE,55,267.6909,11.63273,3.71636,19.9272727,20
2011,BMW,73,274.9452,11.90685,3.3589,49.9726027,21
2011,INFINITI,17,276.3529,12.01765,3.94706,57.1323529,22
2011,AUDI,38,282.8684,12.20789,3.15789,59.0394737,23
2011,LINCOLN,15,284.8,13.52667,4.03333,48.0666667,24
2011,FORD,87,288.0575,13.72414,3.8069,26.8821839,25
2011,CHEVROLET,118,289.1186,14.20678,4.18051,28.4364407,26
2011,CADILLAC,25,293.84,13.288,4.368,75.62,27
2011,DODGE,43,294.3256,14.12326,4.0814,44.7965116,28
2011,JAGUAR,12,304.5,13.23333,5.0,56.875,29
2011,MERCEDES-BENZ,59,323.7797,13.94407,4.39322,96.4322034,30
2011,GMC,80,325.175,16.10625,4.90375,40.71875,31
2011,MASERATI,5,365.0,15.86,4.5,125.45,32
2011,LAND ROVER,6,371.3333,16.13333,4.7,133.8333333,33
2011,ASTON MARTIN,9,373.6667,16.24444,5.5,127.75,34
2011,LAMBORGHINI,4,387.0,16.825,5.2,141.5,35
2011,ROLLS-ROYCE,5,390.0,16.96,6.68,156.0,36
2011,BENTLEY,5,404.2,17.56,6.16,176.65,37
2011,BUGATTI,1,547.0,23.8,8.0,301.5,38
2012,SMART,2,147.0,6.4,1.0,0.0,1
2012,FIAT,3,173.0,7.53333,1.4,0.0,2
2012,MINI,31,185.7097,8.07097,1.6,1.2903226,3
2012,SCION,7,196.8571,8.55714,2.1,13.5714286,4
2012,HONDA,24,210.6667,9.15833,2.52917,12.3645833,5
2012,KIA,31,213.5484,9.28065,2.28387,4.8629032,6
2012,SUZUKI,12,214.4167,9.31667,2.1,17.5,7
2012,MAZDA,21,216.0952,9.39524,2.35238,16.797619,8
2012,VOLKSWAGEN,37,224.2703,9.47297,2.33514,20.4797297,9
2012,HYUNDAI,30,225.4,9.79667,2.64,10.9333333,10
2012,MITSUBISHI,22,237.0455,10.3,2.5,23.0454545,11
2012,BUICK,18,238.7778,11.84444,2.66667,33.5555556,12
2012,TOYOTA,48,241.625,10.50208,3.06875,22.8229167,13
2012,SUBARU,19,241.8947,10.51053,2.56842,32.1052632,14
2012,NISSAN,42,249.5238,10.84524,3.00952,29.1130952,15
2012,CHRYSLER,22,251.3182,12.16818,3.7,20.3409091,16
2012,LEXUS,20,254.1,11.045,3.545,41.9625,17
2012,ACURA,10,257.3,11.18,3.26,46.9,18
2012,VOLVO,15,258.0,11.22,2.96,37.4666667,19
2012,PORSCHE,75,260.2667,11.30933,3.70133,21.06,20
2012,JEEP,21,262.0476,11.64286,3.07619,31.7142857,21
2012,DODGE,33,263.3636,12.44848,3.9303,36.4090909,22
2012,INFINITI,18,272.2222,11.83889,3.92222,56.0555556,23
2012,BMW,60,276.0,11.96667,3.36,49.6125,24
2012,AUDI,38,280.8158,12.11842,3.14211,64.2434211,25
2012,FORD,84,280.9048,13.45476,3.72143,23.9196429,26
2012,LINCOLN,11,281.5455,12.82727,3.82727,54.6363636,27
2012,CADILLAC,22,296.4545,13.93636,4.51818,79.4545455,28
2012,CHEVROLET,111,298.9189,14.56036,4.37387,35.4324324,29
2012,MERCEDES-BENZ,59,301.3898,13.02034,4.30169,79.4661017,30
2012,JAGUAR,13,305.7692,13.28462,5.0,64.1538462,31
2012,GMC,84,324.4643,16.175,4.84167,39.702381,32
2012,RAM,9,326.4444,16.22222,4.56667,41.7222222,33
2012,LAND ROVER,7,352.8571,15.32857,4.31429,113.8571429,34
2012,MASERATI,3,360.6667,15.66667,4.7,123.6666667,35
2012,ASTON MARTIN,10,373.3,16.23,5.54,140.3,36
2012,ROLLS-ROYCE,6,383.3333,16.66667,6.66667,153.0,37
2012,BENTLEY,6,403.1667,17.51667,6.13333,192.0833333,38
2012,LAMBORGHINI,6,404.3333,17.58333,5.63333,185.5833333,39
2012,BUGATTI,1,547.0,23.8,8.0,328.25,40
2013,SMART,2,147.0,6.4,1.0,0.0,1
2013,FIAT,7,173.0,7.52857,1.4,0.0,2
2013,MINI,38,185.9474,8.07895,1.6,2.0263158,3
2013,SCION,9,199.1111,8.65556,2.07778,15.2222222,4
2013,HONDA,26,204.4615,8.88462,2.51923,10.7115385,5
2013,KIA,29,204.4828,8.88621,2.21379,11.2068966,6
2013,HYUNDAI,31,210.2581,9.13548,2.34194,9.1774194,7
2013,MAZDA,24,212.875,9.25417,2.30833,22.9166667,8
2013,SUZUKI,12,214.4167,9.31667,2.1,18.1666667,9
2013,VOLKSWAGEN,41,221.3171,9.30244,2.3,22.4573171,10
2013,MITSUBISHI,14,223.5714,9.71429,2.15714,23.6428571,11
2013,SUBARU,22,231.4545,10.05455,2.46818,32.6818182,12
2013,ACURA,12,235.3333,10.225,3.0,43.0,13
2013,BUICK,20,236.1,11.385,2.5,37.75,14
2013,TOYOTA,47,241.4043,10.49362,3.08298,23.4840426,15
2013,LEXUS,22,245.9091,10.68182,3.67727,40.2840909,16
2013,DODGE,40,248.2,11.71,3.5425,32.1,17
2013,NISSAN,35,249.9429,10.86571,3.10286,33.6785714,18
2013,CHRYSLER,19,252.1579,12.15263,3.71579,31.5789474,19
2013,AUDI,36,252.8611,10.87778,2.72222,40.6944444,20
2013,VOLVO,14,254.3571,11.05714,2.89286,44.7321429,21
2013,JEEP,20,259.0,11.52,3.045,28.85,22
2013,BMW,76,263.4342,11.42632,3.27895,43.2236842,23
2013,PORSCHE,41,265.0244,11.44634,3.76585,52.4634146,24
2013,FORD,85,266.3294,12.95882,3.47059,15.1117647,25
2013,LINCOLN,11,266.7273,12.19091,3.50909,41.3636364,26
2013,INFINITI,18,273.2222,11.88333,4.06667,63.5138889,27
2013,CADILLAC,32,279.625,13.15313,4.04688,60.6875,28
2013,MERCEDES-BENZ,62,284.4677,12.58065,4.2129,60.7016129,29
2013,CHEVROLET,102,290.6471,14.21765,4.2451,30.8014706,30
2013,JAGUAR,17,297.7647,12.94118,4.47059,85.7058824,31
2013,RAM,15,307.0,15.25333,4.45333,25.8666667,32
2013,LAND ROVER,8,325.625,14.15,3.875,66.625,33
2013,GMC,66,335.303,17.08485,5.20455,33.2992424,34
2013,ASTON MARTIN,5,348.2,15.14,4.94,160.2,35
2013,MASERATI,3,360.6667,15.66667,4.7,123.8333333,36
2013,BENTLEY,7,383.4286,16.58571,5.54286,177.25,37
2013,ROLLS-ROYCE,6,386.3333,16.8,6.66667,155.3333333,38
2013,SRT,2,389.0,16.9,8.4,200.0,39
2013,LAMBORGHINI,6,407.1667,17.7,5.63333,218.1666667,40
2014,SMART,2,147.0,6.4,1.0,0.0,1
2014,FIAT,10,179.5,7.81,1.4,0.4,2
2014,MINI,36,188.5278,8.19722,1.6,5.1666667,3
2014,ALFA ROMEO,1,193.0,8.4,1.8,0.0,4
2014,MAZDA,27,193.037,8.38889,2.29259,7.9166667,5
2014,SCION,9,198.8889,8.64444,2.07778,17.0,6
2014,HONDA,21,203.7143,8.85714,2.54286,14.3095238,7
2014,MITSUBISHI,16,210.5,9.15,2.0375,22.1875,8
2014,KIA,35,213.3714,9.27714,2.13143,15.3214286,9
2014,HYUNDAI,24,217.25,9.44167,2.325,17.5833333,10
2014,VOLKSWAGEN,41,217.9756,9.22195,2.21707,22.1890244,11
2014,SUBARU,23,225.1304,9.78261,2.42609,29.7391304,12
2014,ACURA,12,226.0,9.825,2.96667,40.0,13
2014,TOYOTA,49,235.1837,10.22449,3.0551,21.0765306,14
2014,BUICK,16,235.6875,10.85625,2.6,35.6875,15
2014,LEXUS,22,246.5,10.71364,3.67727,50.8068182,16
2014,DODGE,39,249.5897,11.78462,3.63333,36.1923077,17
2014,JEEP,33,250.3333,10.98182,2.88182,26.2424242,18
2014,CHRYSLER,19,251.3684,12.12105,3.71579,35.2368421,19
2014,NISSAN,33,251.3939,10.9303,3.18182,34.9090909,20
2014,BMW,64,252.1094,10.90781,3.1875,47.6835938,21
2014,INFINITI,21,256.7619,11.1619,3.92857,54.3928571,22
2014,VOLVO,11,257.8182,11.21818,3.0,49.9090909,23
2014,PORSCHE,45,262.1556,11.32444,3.64444,48.0277778,24
2014,FORD,90,265.9556,12.79889,3.41444,21.5333333,25
2014,LINCOLN,11,268.1818,12.25455,3.50909,40.7272727,26
2014,CHEVROLET,86,272.9767,13.16977,3.79884,23.2906977,27
2014,AUDI,49,275.1633,11.7449,3.23061,69.3214286,28
2014,MERCEDES-BENZ,59,277.678,12.11525,4.21356,62.7330508,29
2014,CADILLAC,32,287.3438,12.89688,4.09063,76.875,30
2014,JAGUAR,22,290.6818,13.37273,4.40909,84.2613636,31
2014,RAM,13,291.2308,13.56923,4.15385,16.5576923,32
2014,LAND ROVER,19,307.8421,14.96316,3.78947,36.0,33
2014,MASERATI,6,319.6667,13.9,3.7,107.75,34
2014,GMC,49,328.2449,16.7551,5.01837,24.6632653,35
2014,ASTON MARTIN,7,351.5714,15.28571,5.21429,152.1785714,36
2014,BENTLEY,7,369.5714,15.94286,5.54286,164.4642857,37
2014,ROLLS-ROYCE,7,381.0,16.57143,6.65714,166.4285714,38
2014,SRT,2,389.0,16.9,8.4,185.25,39
2014,LAMBORGHINI,3,394.0,17.13333,5.63333,190.25,40
2015,SMART,2,150.0,6.5,1.0,0.0,1
2015,FIAT,13,186.4615,8.10769,1.4,5.6153846,2
2015,MINI,40,187.425,8.155,1.65,4.9625,3
2015,HONDA,22,187.6364,8.15909,2.35455,13.1818182,4
2015,ALFA ROMEO,1,193.0,8.4,1.8,0.0,5
2015,MAZDA,25,195.92,8.516,2.396,8.05,6
2015,VOLKSWAGEN,42,203.3095,8.50952,2.07143,13.7619048,7
2015,SCION,7,203.5714,8.85714,2.15714,22.5714286,8
2015,ACURA,10,207.5,9.02,2.93,22.9,9
2015,SUBARU,21,209.7619,9.11905,2.31905,18.6190476,10
2015,MITSUBISHI,17,210.2941,9.14118,2.05882,23.1176471,11
2015,KIA,39,219.4103,9.53846,2.30256,19.2820513,12
2015,HYUNDAI,35,220.3714,9.58286,2.44857,24.0714286,13
2015,TOYOTA,45,233.1333,10.13556,3.03556,22.5888889,14
2015,VOLVO,21,234.3333,10.19048,2.54286,38.452381,15
2015,BUICK,16,234.9375,10.81875,2.6,36.6875,16
2015,CHRYSLER,18,235.6667,11.66667,3.51667,24.8333333,17
2015,FORD,75,240.48,11.20533,2.84667,16.08,18
2015,NISSAN,38,242.2105,10.53158,3.02368,31.5131579,19
2015,LEXUS,27,242.2593,10.52963,3.4963,48.3518519,20
2015,JEEP,40,242.5,10.9175,2.7675,23.9375,21
2015,BMW,97,247.0103,10.65876,3.02887,44.3943299,22
2015,INFINITI,20,251.65,10.945,3.875,54.75,23
2015,PORSCHE,60,256.6167,11.12167,3.62667,47.4458333,24
2015,AUDI,56,259.7679,11.08036,3.07321,57.4375,25
2015,LINCOLN,13,260.1538,11.30769,3.00769,38.7307692,26
2015,CHEVROLET,83,261.2289,12.20482,3.63012,23.9457831,27
2015,DODGE,42,262.7857,12.18333,4.17143,49.7321429,28
2015,CADILLAC,20,268.45,11.67,3.665,48.3,29
2015,MERCEDES-BENZ,57,275.5965,11.8614,4.02456,61.6447368,30
2015,RAM,17,284.5882,12.96471,3.91765,18.6470588,31
2015,JAGUAR,23,285.0435,13.0913,4.26087,73.9347826,32
2015,LAND ROVER,12,305.3333,14.89167,3.75,43.7083333,33
2015,GMC,43,307.7209,14.83953,4.70465,17.6860465,34
2015,MASERATI,6,319.3333,13.88333,3.7,111.8333333,35
2015,ASTON MARTIN,10,348.7,15.17,5.21,142.075,36
2015,BENTLEY,8,354.25,15.25,5.1,162.46875,37
2015,ROLLS-ROYCE,7,383.2857,16.65714,6.65714,169.0,38
2015,LAMBORGHINI,4,405.5,17.625,6.175,194.25,39
2016,SMART,2,157.0,6.9,0.9,0.0,1
2016,MAZDA,24,184.875,7.88333,2.27083,0.5833333,2
2016,HONDA,28,192.9286,8.25714,2.28571,10.7857143,3
2016,FIAT,16,193.3125,8.2875,1.525,4.0,4
2016,MINI,26,196.7308,8.38846,1.72308,8.8942308,5
2016,ALFA ROMEO,1,197.0,8.4,1.8,0.0,6
2016,MITSUBISHI,15,197.8,8.52667,2.12,8.8,7
2016,SCION,6,199.1667,8.51667,2.1,11.8333333,8
2016,VOLKSWAGEN,28,206.5357,8.775,2.0,13.6785714,9
2016,SUBARU,21,213.7143,9.13333,2.31905,19.6666667,10
2016,KIA,41,221.6341,9.4439,2.24634,17.5243902,11
2016,HYUNDAI,31,222.3871,9.47742,2.44194,24.8790323,12
2016,ACURA,8,222.5,9.525,3.225,26.625,13
2016,NISSAN,33,227.3333,9.67576,2.7303,19.9469697,14
2016,TOYOTA,47,229.4255,9.82553,2.95106,18.4361702,15
2016,VOLVO,26,233.3077,10.05,2.32692,32.9615385,16
2016,BUICK,19,238.0526,10.63158,2.44211,39.0,17
2016,AUDI,40,240.8,10.1675,2.7525,42.225,18
2016,CHRYSLER,15,243.0667,12.04,3.58,22.9666667,19
2016,LEXUS,30,243.4667,10.43667,3.44667,49.275,20
2016,JEEP,39,246.4872,10.77949,2.74615,27.1538462,21
2016,INFINITI,18,247.3889,10.51667,3.40556,52.0,22
2016,CHEVROLET,90,249.6778,11.26222,3.39222,21.4361111,23
2016,BMW,87,251.0575,10.65977,3.01149,45.4827586,24
2016,FORD,92,254.8478,11.72283,2.93913,20.4021739,25
2016,CADILLAC,23,260.8261,11.13043,3.33478,49.0108696,26
2016,PORSCHE,66,264.7576,11.26515,3.65455,44.3257576,27
2016,DODGE,42,268.119,12.06905,4.2381,52.8214286,28
2016,LINCOLN,16,271.0,11.5375,2.96875,50.90625,29
2016,MERCEDES-BENZ,59,281.2373,12.0322,3.95085,59.4449153,30
2016,JAGUAR,18,281.6111,12.00556,3.55556,51.7777778,31
2016,RAM,13,293.9231,12.97692,4.01538,18.8461538,32
2016,LAND ROVER,10,295.9,12.31,3.4,33.1,33
2016,GMC,44,297.1591,13.65,4.52273,24.7727273,34
2016,MASERATI,8,314.375,13.425,3.525,103.15625,35
2016,ASTON MARTIN,10,354.8,15.17,5.21,133.025,36
2016,BENTLEY,7,358.4286,15.3,5.25714,166.7857143,37
2016,LAMBORGHINI,4,385.75,16.5,5.85,155.75,38
2016,ROLLS-ROYCE,7,389.5714,16.65714,6.65714,172.2857143,39
2017,SMART,1,152.0,6.7,0.9,0.0,1
2017,HONDA,34,190.2353,8.14412,2.16765,8.9852941,2
2017,MITSUBISHI,17,193.8824,8.32353,1.98824,8.9705882,3
2017,FIAT,14,194.0714,8.3,1.54286,2.9285714,4
2017,MAZDA,25,194.24,8.284,2.3,2.88,5
2017,HYUNDAI,26,201.9231,8.56538,2.07308,13.9230769,6
2017,MINI,32,203.125,8.66563,1.78125,13.0625,7
2017,VOLKSWAGEN,25,212.64,9.064,2.048,22.26,8
2017,KIA,38,215.5526,9.12895,2.27895,17.75,9
2017,SUBARU,20,217.95,9.32,2.335,22.25,10
2017,ALFA ROMEO,5,219.2,9.32,2.1,28.2,11
2017,VOLVO,23,221.5217,9.46957,2.0,22.1086957,12
2017,ACURA,9,226.2222,9.62222,3.2,22.7222222,13
2017,TOYOTA,47,228.5106,9.76383,2.88511,15.9574468,14
2017,NISSAN,44,233.6364,9.94773,2.83864,21.8181818,15
2017,BUICK,13,236.0,10.05385,2.37692,27.2692308,16
2017,LAND ROVER,3,242.0,10.3,2.0,23.0,17
2017,CHRYSLER,13,242.6154,11.59231,3.57692,26.6346154,18
2017,AUDI,36,244.6111,10.45278,2.76111,40.3263889,19
2017,LEXUS,21,245.1429,10.47619,3.51429,48.0952381,20
2017,JEEP,38,246.9474,10.63684,2.73947,24.6842105,21
2017,PORSCHE,42,250.8095,10.73095,3.06667,31.7380952,22
2017,INFINITI,18,250.8889,10.67778,3.26667,48.6944444,23
2017,BMW,73,253.9315,10.79863,3.08767,46.7876712,24
2017,CADILLAC,23,257.4348,10.98696,3.33478,52.6413043,25
2017,CHEVROLET,88,260.2841,11.63068,3.60909,24.5227273,26
2017,FORD,100,263.23,12.069,3.061,25.78,27
2017,JAGUAR,21,269.0476,11.38571,3.28571,46.8571429,28
2017,LINCOLN,17,273.6471,11.65882,2.84118,51.9264706,29
2017,MERCEDES-BENZ,61,285.0492,12.24918,3.90984,64.6680328,30
2017,DODGE,30,293.5,13.0,4.96,72.4083333,31
2017,GMC,48,294.1667,13.41667,4.47083,22.6666667,32
2017,GENESIS,4,300.75,12.8,4.275,63.5,33
2017,RAM,11,300.9091,13.49091,4.14545,22.6363636,34
2017,MASERATI,10,319.5,13.71,3.42,93.825,35
2017,BENTLEY,9,364.6667,15.6,5.51111,162.8888889,36
2017,ASTON MARTIN,5,367.2,15.62,5.84,152.4,37
2017,ROLLS-ROYCE,8,393.25,16.825,6.65,182.8125,38
2017,LAMBORGHINI,6,409.8333,17.46667,6.06667,179.8333333,39
2018,HONDA,36,186.3056,7.97778,1.93056,4.5277778,1
2018,MAZDA,25,193.4,8.26,2.28,6.02,2
2018,MITSUBISHI,12,194.25,8.34167,1.8,3.9166667,3
2018,FIAT,10,200.4,8.58,1.6,5.9,4
2018,HYUNDAI,28,202.3214,8.59643,2.03929,14.1428571,5
2018,MINI,28,205.5,8.775,1.82143,16.3125,6
2018,VOLKSWAGEN,22,213.1818,9.13636,2.07273,26.5454545,7
2018,KIA,33,217.9394,9.22727,2.39697,22.4242424,8
2018,TOYOTA,48,220.6458,9.41667,2.83958,15.6979167,9
2018,SUBARU,20,222.45,9.535,2.31,29.0,10
2018,VOLVO,17,225.1176,9.63529,2.0,28.6176471,11
2018,BUICK,14,225.4286,9.6,2.47143,14.1785714,12
2018,ACURA,11,227.3636,9.7,3.15455,31.4090909,13
2018,ALFA ROMEO,7,230.5714,9.8,2.2,35.8571429,14
2018,NISSAN,40,236.9,10.085,2.9625,24.50625,15
2018,LAND ROVER,5,240.8,10.0,2.2,27.8,16
2018,LEXUS,25,242.2,10.348,3.544,46.16,17
2018,AUDI,41,243.6829,10.42683,2.79268,41.1341463,18
2018,CHEVROLET,88,252.1591,11.14773,3.51023,21.8920455,19
2018,INFINITI,13,253.1538,10.78462,3.22308,56.5961538,20
2018,CHRYSLER,9,253.2222,11.73333,3.83333,23.1111111,21
2018,PORSCHE,70,254.2286,10.88571,3.09857,24.4928571,22
2018,JAGUAR,26,254.5769,10.75,2.92308,36.4038462,23
2018,BMW,69,254.971,10.83623,3.15072,50.5072464,24
2018,JEEP,36,257.5,11.28889,3.03611,36.7361111,25
2018,CADILLAC,22,261.0455,11.07273,3.37273,62.2272727,26
2018,FORD,112,266.2321,12.01161,3.19286,24.3504464,27
2018,LINCOLN,14,271.5714,11.57143,2.84286,55.75,28
2018,MERCEDES-BENZ,68,279.3235,11.92059,3.50882,59.0514706,29
2018,GMC,46,284.3478,12.91087,4.33261,19.8043478,30
2018,DODGE,37,287.6757,13.02162,4.71892,74.4594595,31
2018,GENESIS,5,291.0,12.34,4.08,67.0,32
2018,RAM,11,302.8182,13.57273,4.14545,29.0,33
2018,ASTON MARTIN,4,317.75,13.5,5.3,96.5625,34
2018,MASERATI,10,319.5,13.59,3.42,100.95,35
2018,BENTLEY,6,382.5,16.35,5.8,186.9166667,36
2018,ROLLS-ROYCE,6,392.1667,16.8,6.63333,183.0833333,37
2018,LAMBORGHINI,8,401.0,17.1625,5.85,163.0,38
2018,BUGATTI,1,522.0,22.2,8.0,284.0,39
2019,HONDA,39,187.8205,8.04359,2.01026,6.8141026,1
2019,MITSUBISHI,10,190.6,8.21,1.81,3.8,2
2019,MAZDA,26,197.8846,8.41154,2.29615,8.5384615,3
2019,FIAT,6,199.1667,8.5,1.38333,6.6666667,4
2019,HYUNDAI,34,201.7941,8.55588,2.04412,15.1397059,5
2019,KIA,23,204.0,8.64348,2.1913,18.0326087,6
2019,VOLKSWAGEN,26,204.7692,8.77308,1.89231,17.7307692,7
2019,MINI,28,205.3571,8.775,1.82143,17.3571429,8
2019,TOYOTA,45,217.1778,9.27333,2.86444,15.8722222,9
2019,SUBARU,17,218.3529,9.35294,2.32941,26.0735294,10
2019,VOLVO,14,221.7143,9.5,2.0,19.8928571,11
2019,ACURA,12,227.6667,9.725,2.93333,30.6666667,12
2019,BUICK,14,228.2857,9.73571,2.47143,24.5714286,13
2019,ALFA ROMEO,8,229.0,9.7375,2.175,32.75,14
2019,AUDI,30,230.7667,9.87333,2.42667,24.8083333,15
2019,LEXUS,27,232.5556,9.94815,3.37778,42.0,16
2019,NISSAN,41,233.3415,9.92927,2.91463,23.7804878,17
2019,CHRYSLER,9,253.2222,11.73333,3.83333,15.5555556,18
2019,JEEP,30,253.5333,10.78,2.90667,30.2666667,19
2019,JAGUAR,27,253.7037,10.71481,2.88889,34.6018519,20
2019,BMW,67,254.6866,10.87612,3.11343,48.369403,21
2019,PORSCHE,72,258.9583,11.0875,3.08889,28.9583333,22
2019,INFINITI,11,262.1818,11.16364,3.30909,60.2727273,23
2019,LINCOLN,14,267.4286,11.39286,2.72143,50.7142857,24
2019,CADILLAC,17,268.5882,11.43529,3.52941,56.8823529,25
2019,FORD,91,269.0769,12.20989,3.19121,22.8626374,26
2019,MERCEDES-BENZ,78,269.5128,11.52949,3.29487,55.4326923,27
2019,LAND ROVER,15,273.3333,11.29333,3.06667,24.8,28
2019,CHEVROLET,82,274.0488,12.00732,3.90122,34.2012195,29
2019,GENESIS,8,279.375,11.8625,3.4625,67.03125,30
2019,DODGE,32,287.9063,13.00938,4.63125,67.4375,31
2019,GMC,47,293.1915,13.07447,4.28511,28.2021277,32
2019,RAM,18,295.9444,13.01667,4.4,26.0,33
2019,ASTON MARTIN,6,308.1667,13.1,5.06667,84.0416667,34
2019,MASERATI,11,320.4545,13.63636,3.37273,88.6363636,35
2019,BENTLEY,2,390.0,16.8,5.4,163.0,36
2019,ROLLS-ROYCE,9,390.0,16.67778,6.63333,181.3888889,36
2019,LAMBORGHINI,9,397.3333,17.18889,5.35556,154.4444444,38
2019,BUGATTI,1,522.0,22.2,8.0,283.25,39
2020,HONDA,35,187.7429,8.03143,1.95429,7.3928571,1
2020,MINI,14,192.9286,8.27857,1.82143,8.1428571,2
2020,MAZDA,28,195.75,8.37143,2.30357,5.0267857,3
2020,HYUNDAI,32,195.8125,8.26875,1.99063,8.640625,4
2020,KIA,22,196.0909,8.29091,2.20455,16.4772727,5
2020,MITSUBISHI,8,200.625,8.6375,1.9625,5.78125,6
2020,FIAT,4,201.5,8.6,1.375,11.0625,7
2020,TOYOTA,49,207.3061,8.86327,2.77143,15.0408163,8
2020,VOLKSWAGEN,14,210.5,9.0,1.94286,22.8214286,9
2020,SUBARU,18,215.2778,9.21667,2.17778,18.6111111,10
2020,VOLVO,13,221.7692,9.50769,2.0,21.2115385,11
2020,ACURA,11,229.8182,9.82727,2.98182,30.4090909,12
2020,BUICK,11,230.1818,9.80909,2.23636,18.4318182,13
2020,ALFA ROMEO,7,231.7143,9.87143,2.22857,32.6785714,14
2020,NISSAN,30,234.1,9.96,3.09333,21.175,15
2020,LEXUS,26,237.2308,10.13846,3.43077,41.4615385,16
2020,JAGUAR,26,243.6538,10.4,2.88462,30.4038462,17
2020,CADILLAC,21,248.1905,10.62381,2.85714,51.1547619,18
2020,AUDI,38,253.3947,10.84474,2.79474,37.3486842,19
2020,LINCOLN,11,254.0909,10.82727,2.62727,43.2272727,20
2020,JEEP,35,257.2,10.93429,2.96,35.6785714,21
2020,CHRYSLER,6,260.5,11.1,3.95,33.25,22
2020,FORD,68,262.5882,11.81618,3.10294,23.9338235,23
2020,MERCEDES-BENZ,72,264.1944,11.28333,3.1625,53.1388889,24
2020,INFINITI,7,267.1429,11.35714,3.3,51.5,25
2020,BMW,84,267.4167,11.45,3.21667,55.0625,26
2020,PORSCHE,48,269.6042,11.52292,2.94375,40.0625,27
2020,GENESIS,8,279.75,11.85,3.4625,84.5625,28
2020,RAM,14,282.1429,11.83571,4.32857,19.9285714,29
2020,LAND ROVER,25,284.68,11.964,3.24,37.97,30
2020,CHEVROLET,71,285.0704,12.56901,4.0507,36.4014085,31
2020,GMC,51,294.1569,13.04706,4.25294,30.4264706,32
2020,ASTON MARTIN,5,302.0,12.86,4.48,68.1,33
2020,DODGE,24,303.7917,12.96667,5.25833,97.6979167,34
2020,MASERATI,10,314.3,13.37,3.24,88.95,35
2020,BENTLEY,8,359.125,15.4125,5.35,145.25,36
2020,ROLLS-ROYCE,10,391.0,16.7,6.64,187.5,37
2020,LAMBORGHINI,9,434.6667,18.73333,5.64444,193.6666667,38
2020,BUGATTI,2,529.5,22.6,8.0,292.0,39
2021,HONDA,23,185.0,7.91304,2.01739,8.4782609,1
2021,MITSUBISHI,5,186.2,8.02,1.76,2.7,2
2021,HYUNDAI,27,190.8519,8.07407,2.10741,9.1296296,3
2021,MINI,22,194.9545,8.34091,1.81818,5.6363636,4
2021,KIA,25,196.88,8.32,2.108,14.16,5
2021,MAZDA,29,198.069,8.45862,2.31034,7.5948276,6
2021,TOYOTA,49,200.1633,8.56531,2.77347,14.5612245,7
2021,SUBARU,16,213.0625,9.1,2.23125,21.46875,8
2021,VOLKSWAGEN,16,215.8125,9.225,2.05,23.078125,9
2021,NISSAN,22,219.1818,9.32727,2.81364,17.0681818,10
2021,BUICK,10,219.4,9.34,1.93,3.15,11
2021,FIAT,1,221.0,9.1,1.3,12.25,12
2021,VOLVO,13,222.2308,9.53077,2.0,22.7692308,13
2021,LEXUS,27,231.037,9.86296,3.34444,35.3888889,14
2021,ALFA ROMEO,6,237.5,10.11667,2.3,39.875,15
2021,ACURA,8,238.375,10.2,2.4875,44.3125,16
2021,CADILLAC,22,248.4091,10.51818,2.88182,45.8295455,17
2021,JAGUAR,14,250.7857,10.67143,2.92857,33.9642857,18
2021,LINCOLN,7,260.4286,11.08571,2.5,34.3214286,19
2021,AUDI,43,260.7674,11.15814,2.99767,45.1627907,20
2021,CHRYSLER,6,261.0,11.13333,3.95,57.25,21
2021,GENESIS,8,261.5,11.1,3.0375,53.1875,22
2021,JEEP,36,262.4722,11.03056,3.14167,37.0347222,23
2021,MERCEDES-BENZ,72,264.6944,11.27778,3.05556,50.7638889,24
2021,INFINITI,6,268.5,11.4,3.26667,54.2916667,25
2021,FORD,87,270.6782,12.07356,3.0023,33.9252874,26
2021,BMW,54,273.463,11.72222,3.42222,57.3703704,27
2021,PORSCHE,63,280.9524,11.96349,3.12063,35.1349206,28
2021,CHEVROLET,84,285.3333,12.12262,3.98929,36.2053571,29
2021,LAND ROVER,21,285.8571,12.0381,3.28571,32.1309524,30
2021,RAM,16,290.4375,12.125,4.3625,28.75,31
2021,GMC,61,302.2623,12.8377,4.38689,36.0696721,32
2021,ASTON MARTIN,6,311.1667,13.25,4.4,48.4166667,33
2021,MASERATI,11,312.8182,13.42727,3.29091,91.0909091,34
2021,DODGE,22,313.5455,13.38636,5.58182,107.1136364,35
2021,BENTLEY,8,338.125,14.4375,5.0,101.625,36
2021,ROLLS-ROYCE,10,390.0,16.68,6.66,187.1,37
2021,LAMBORGHINI,12,448.6667,19.23333,5.75,201.625,38
2021,BUGATTI,2,565.0,24.15,8.0,320.0,39
2022,HYUNDAI,30,188.4,7.97333,2.03,11.4166667,1
2022,HONDA,23,191.6087,8.19565,2.12609,11.2826087,2
2022,MINI,20,192.4,8.28,1.825,6.25,3
2022,MITSUBISHI,7,193.5714,8.32857,1.82857,6.9285714,4
2022,KIA,25,194.2,8.204,2.116,15.46,5
2022,MAZDA,23,198.3913,8.47826,2.28261,10.576087,6
2022,TOYOTA,51,201.0,8.59608,2.65294,9.2647059,7
2022,NISSAN,23,206.3913,8.78696,2.47826,11.5,8
2022,SUBARU,19,211.9474,9.04211,2.3,14.4736842,9
2022,VOLKSWAGEN,17,212.9412,9.08235,2.07059,25.0294118,10
2022,BUICK,9,217.2222,9.26667,1.97778,4.5,11
2022,VOLVO,12,219.4167,9.40833,2.0,16.9583333,12
2022,FIAT,1,221.0,9.1,1.3,18.5,13
2022,LEXUS,28,230.0714,9.81786,3.36429,35.6785714,14
2022,ALFA ROMEO,6,237.5,10.11667,2.3,43.75,15
2022,ACURA,8,239.375,10.225,2.4875,52.03125,16
2022,AUDI,44,252.2955,10.80682,2.91818,40.4829545,17
2022,LINCOLN,7,259.5714,11.05714,2.5,37.2142857,18
2022,CADILLAC,26,260.3077,11.05769,3.19231,62.6346154,19
2022,INFINITI,8,260.625,11.0875,3.1375,45.375,20
2022,CHRYSLER,6,261.0,11.13333,3.95,62.0,21
2022,GENESIS,9,262.8889,11.11111,3.14444,55.5,22
2022,MERCEDES-BENZ,53,264.1887,11.29623,2.83019,47.6933962,23
2022,JEEP,35,268.1714,11.26857,3.30286,42.7857143,24
2022,FORD,91,272.4396,12.01319,2.9956,38.9642857,25
2022,BMW,60,276.1167,11.85333,3.46,66.1458333,26
2022,JAGUAR,8,282.5,11.9625,4.25,48.125,27
2022,PORSCHE,77,287.3117,12.23247,3.16494,37.2662338,28
2022,RAM,16,289.25,12.06875,4.3625,27.234375,29
2022,CHEVROLET,80,294.4625,12.565,4.09125,44.90625,30
2022,LAND ROVER,18,303.0,12.88333,3.72222,31.5,31
2022,ASTON MARTIN,5,306.4,13.04,4.48,39.6,32
2022,MASERATI,13,307.3077,13.2,3.24615,87.8461538,33
2022,DODGE,21,308.7619,13.17619,5.55238,108.8095238,34
2022,GMC,54,310.5556,13.31481,4.40556,44.0,35
2022,BENTLEY,8,342.875,14.6375,5.0,107.625,36
2022,ROLLS-ROYCE,7,385.2857,16.52857,6.7,179.5,37
2022,LAMBORGHINI,8,418.875,17.9875,5.5375,170.5,38
2022,BUGATTI,3,579.3333,24.8,8.0,334.3333333,39
2023,KIA,23,192.4348,8.14348,2.13478,14.6956522,1
2023,MINI,25,193.6,8.312,1.82,8.1,2
2023,MITSUBISHI,7,193.7143,8.32857,1.82857,8.8571429,3
2023,HYUNDAI,23,193.8696,8.22174,2.1087,13.9565217,4
2023,MAZDA,21,198.0476,8.44762,2.33333,10.9761905,5
2023,HONDA,22,199.4091,8.53182,2.25,7.9090909,6
2023,TOYOTA,45,201.8667,8.63333,2.64444,10.4111111,7
2023,BUICK,6,213.5,9.1,1.9,6.75,8
2023,VOLKSWAGEN,19,215.3684,9.18421,2.03684,30.9473684,9
2023,VOLVO,12,215.5,9.23333,2.0,15.2083333,10
2023,SUBARU,17,215.7647,9.22353,2.33529,20.2794118,11
2023,NISSAN,27,218.0741,9.27778,2.67037,14.9074074,12
2023,FIAT,1,221.0,9.1,1.3,21.0,13
2023,ACURA,10,226.5,9.68,2.2,35.6,14
2023,LEXUS,24,228.0417,9.76667,3.275,37.1041667,15
2023,ALFA ROMEO,6,237.5,10.11667,2.3,45.0,16
2023,AUDI,44,255.9773,10.96364,2.99091,41.5511364,17
2023,MERCEDES-BENZ,44,259.3864,11.08864,2.79545,43.1136364,18
2023,GENESIS,9,259.6667,11.0,2.97778,57.1666667,19
2023,INFINITI,6,261.8333,11.13333,3.18333,46.4166667,20
2023,CADILLAC,26,265.1923,11.23462,3.19231,70.0192308,21
2023,CHRYSLER,7,267.5714,11.41429,4.3,74.2857143,22
2023,JAGUAR,12,268.9167,11.43333,3.83333,40.1666667,23
2023,BMW,51,273.3922,11.75882,3.3451,61.2156863,24
2023,LINCOLN,8,274.25,11.6875,2.7125,38.5,25
2023,FORD,93,276.4624,12.26882,3.12473,38.8172043,26
2023,LAND ROVER,21,279.9524,11.87143,3.05714,31.3095238,27
2023,JEEP,27,283.7037,11.87778,3.51481,52.9259259,28
2023,CHEVROLET,49,289.5918,12.46327,4.11633,42.8673469,29
2023,MASERATI,17,292.9412,12.56471,3.07059,75.5882353,30
2023,GMC,32,301.8125,13.05313,4.3,36.65625,31
2023,RAM,11,303.9091,12.81818,4.73636,35.1818182,32
2023,DODGE,22,313.7727,13.39091,5.58182,113.0227273,33
2023,ASTON MARTIN,7,314.0,13.35714,4.51429,74.6428571,34
2023,BENTLEY,9,347.4444,14.84444,4.88889,123.5,35
2023,LAMBORGHINI,6,361.0,15.5,4.8,95.5,36
2023,ROLLS-ROYCE,7,390.8571,16.75714,6.7,191.8571429,37
2023,BUGATTI,3,579.3333,24.8,8.0,316.8333333,38
