model_year,transmission_family_code,transmission_family,vehicle_records,average_co2_g_km,average_combined_l_100km,average_engine_size_l
1995,A,Automatic,538,316.6840148698885,13.66282527881041,3.6347583643122676
1995,M,Manual,301,291.54152823920265,12.57375415282392,3.108637873754153
1996,A,Automatic,463,307.80129589632827,13.33110151187905,3.5354211663066955
1996,M,Manual,235,273.30212765957447,11.819148936170214,2.876595744680851
1997,A,Automatic,445,307.9168539325843,13.343370786516854,3.5451685393258425
1997,M,Manual,213,270.67605633802816,11.722535211267607,2.8450704225352115
1998,A,Automatic,420,306.85238095238094,13.306666666666667,3.5342857142857147
1998,AS,Automatic with Select Shift,6,332.0,14.433333333333332,3.1333333333333333
1998,M,Manual,208,279.11538461538464,12.117307692307692,2.987980769230769
1999,A,Automatic,452,307.3893805309734,13.400442477876107,3.5179203539823005
1999,AS,Automatic with Select Shift,14,307.42857142857144,13.364285714285714,3.185714285714286
1999,M,Manual,222,270.73423423423424,11.79864864864865,2.832882882882883
2000,A,Automatic,406,307.5197044334975,13.392118226600985,3.5
2000,AS,Automatic with Select Shift,18,299.8888888888889,13.033333333333333,3.0999999999999996
2000,M,Manual,214,275.73364485981307,11.970093457943925,2.8317757009345796
2001,A,Automatic,425,304.8705882352941,13.299058823529412,3.508470588235294
2001,AS,Automatic with Select Shift,29,286.0689655172414,12.431034482758621,2.9344827586206894
2001,AV,Continuously Variable,1,129.0,5.6,1.5
2001,M,Manual,224,274.0982142857143,11.941517857142857,2.8160714285714286
2002,A,Automatic,460,313.9260869565217,13.892826086956521,3.695869565217391
2002,AS,Automatic with Select Shift,45,301.3333333333333,13.097777777777777,3.197777777777778
2002,AV,Continuously Variable,5,236.4,10.28,2.1399999999999997
2002,M,Manual,230,275.67391304347825,12.008695652173913,2.8108695652173914
2003,A,Automatic,471,311.9596602972399,13.79660297239915,3.6649681528662423
2003,AM,Automated Manual,2,304.0,13.2,3.2
2003,AS,Automatic with Select Shift,90,299.44444444444446,13.07,3.1244444444444444
2003,AV,Continuously Variable,12,230.66666666666666,10.025,2.225
2003,M,Manual,245,274.37551020408165,11.908979591836735,2.8375510204081635
2004,A,Automatic,497,316.2696177062374,14.098591549295774,3.837022132796781
2004,AM,Automated Manual,15,267.8,11.639999999999999,3.14
2004,AS,Automatic with Select Shift,130,291.9384615384615,12.653846153846153,3.113076923076923
2004,AV,Continuously Variable,13,229.3846153846154,9.96923076923077,2.2615384615384615
2004,M,Manual,243,273.0,11.847736625514404,2.785185185185185
2005,A,Automatic,497,313.5311871227364,14.008853118712272,3.8577464788732394
2005,AM,Automated Manual,16,265.0,11.5125,3.1
2005,AS,Automatic with Select Shift,196,294.1683673469388,12.734183673469389,3.25
2005,AV,Continuously Variable,18,232.33333333333334,10.100000000000001,2.3555555555555556
2005,M,Manual,292,272.1917808219178,11.817465753424656,2.8407534246575343
2006,A,Automatic,479,307.8413361169102,13.675156576200417,3.8759916492693107
2006,AM,Automated Manual,6,331.8333333333333,14.416666666666666,4.3
2006,AS,Automatic with Select Shift,197,295.5989847715736,12.823350253807106,3.551776649746193
2006,AV,Continuously Variable,17,223.2941176470588,9.705882352941176,2.4823529411764707
2006,M,Manual,269,269.3197026022305,11.684014869888475,2.907806691449814
2007,A,Automatic,514,307.0603112840467,13.944163424124515,4.023151750972763
2007,AM,Automated Manual,4,378.5,16.45,4.825
2007,AS,Automatic with Select Shift,221,297.42986425339365,12.95158371040724,3.6180995475113122
2007,AV,Continuously Variable,34,222.58823529411765,9.676470588235293,2.4735294117647055
2007,M,Manual,270,269.86296296296297,11.731481481481481,2.914814814814815
2008,A,Automatic,483,301.84265010351965,13.689026915113873,3.932919254658385
2008,AM,Automated Manual,4,378.5,16.45,4.825
2008,AS,Automatic with Select Shift,268,300.96268656716416,13.084328358208955,3.719402985074627
2008,AV,Continuously Variable,43,220.90697674418604,9.604651162790697,2.776744186046512
2008,M,Manual,281,268.0818505338078,11.654804270462634,2.956583629893238
2009,A,Automatic,475,300.2378947368421,13.83178947368421,4.072210526315789
2009,AM,Automated Manual,7,361.42857142857144,15.714285714285714,4.5285714285714285
2009,AS,Automatic with Select Shift,310,294.2193548387097,12.797096774193548,3.6783870967741934
2009,AV,Continuously Variable,42,224.76190476190476,9.77142857142857,3.092857142857143
2009,M,Manual,262,261.6374045801527,11.42442748091603,2.958778625954199
2010,A,Automatic,398,298.52763819095475,13.901507537688442,4.0037688442211055
2010,AM,Automated Manual,8,347.625,15.112499999999999,4.3375
2010,AS,Automatic with Select Shift,307,281.51791530944627,12.24885993485342,3.6003257328990226
2010,AV,Continuously Variable,60,212.43333333333334,9.233333333333333,2.83
2010,M,Manual,257,255.21789883268482,11.124513618677042,2.9560311284046694
2011,A,Automatic,413,303.67554479418885,14.377481840193704,4.144794188861986
2011,AM,Automated Manual,12,303.5,13.200000000000001,3.6
2011,AS,Automatic with Select Shift,348,271.54597701149424,12.000574712643678,3.5551724137931036
2011,AV,Continuously Variable,64,205.6875,8.940625,2.8390625
2011,M,Manual,248,246.1008064516129,10.76008064516129,2.8491935483870967
2012,A,Automatic,399,300.5388471177945,14.267919799498745,4.1343358395989975
2012,AM,Automated Manual,12,288.0833333333333,12.525,3.4
2012,AS,Automatic with Select Shift,375,266.41066666666666,11.8232,3.562933333333333
2012,AV,Continuously Variable,69,201.8840579710145,8.77536231884058,2.794202898550725
2012,M,Manual,236,241.51271186440678,10.498728813559321,2.820762711864407
2013,A,Automatic,350,292.3885714285714,14.151714285714286,4.095142857142857
2013,AM,Automated Manual,61,270.8360655737705,11.76393442622951,3.4704918032786884
2013,AS,Automatic with Select Shift,381,258.1076115485564,11.436220472440944,3.3685039370078744
2013,AV,Continuously Variable,71,199.18309859154928,8.65774647887324,2.7619718309859156
2013,M,Manual,219,230.3013698630137,10.02146118721461,2.649315068493151
2014,A,Automatic,405,275.04197530864195,12.88395061728395,3.7071604938271605
2014,AM,Automated Manual,43,255.6046511627907,11.113953488372092,3.2790697674418605
2014,AS,Automatic with Select Shift,359,263.3342618384401,11.708635097493035,3.532590529247911
2014,AV,Continuously Variable,67,186.0597014925373,8.08955223880597,2.3328358208955224
2014,M,Manual,197,227.99492385786803,9.910659898477158,2.6040609137055837
2015,A,Automatic,219,279.0730593607306,13.137899543378994,4.0059360730593605
2015,AM,Automated Manual,100,256.62,11.115,3.341
2015,AS,Automatic with Select Shift,517,250.26305609284333,10.995938104448742,3.174661508704062
2015,AV,Continuously Variable,80,185.95,8.084999999999999,2.335
2015,M,Manual,216,224.67592592592592,9.758796296296296,2.5777777777777775
2016,A,Automatic,215,275.69767441860466,12.515348837209304,3.9013953488372093
2016,AM,Automated Manual,92,251.65217391304347,10.784782608695652,3.239130434782609
2016,AS,Automatic with Select Shift,518,254.03861003861005,10.980888030888032,3.107142857142857
2016,AV,Continuously Variable,85,188.56470588235294,8.06235294117647,2.327058823529412
2016,M,Manual,200,227.075,9.714,2.5585
2017,A,Automatic,234,278.14529914529913,12.44017094017094,3.8995726495726495
2017,AM,Automated Manual,78,243.01282051282053,10.416666666666666,2.9461538461538463
2017,AS,Automatic with Select Shift,475,257.4294736842105,11.134526315789472,3.1442105263157893
2017,AV,Continuously Variable,89,187.58426966292134,8.01685393258427,2.207865168539326
2017,M,Manual,182,227.5,9.726373626373627,2.5
2018,A,Automatic,267,277.26591760299624,12.288014981273408,3.8606741573033707
2018,AM,Automated Manual,125,247.152,10.564,3.0056
2018,AS,Automatic with Select Shift,443,254.54853273137698,11.011060948081264,3.0927765237020313
2018,AV,Continuously Variable,82,183.6219512195122,7.847560975609756,2.214634146341463
2018,M,Manual,166,229.1867469879518,9.779518072289157,2.483734939759036
2019,A,Automatic,276,279.72463768115944,12.253260869565217,3.834057971014493
2019,AM,Automated Manual,121,245.5206611570248,10.509090909090908,2.871074380165289
2019,AS,Automatic with Select Shift,432,254.53935185185185,11.000231481481482,3.069212962962963
2019,AV,Continuously Variable,86,180.19767441860466,7.701162790697674,2.181395348837209
2019,M,Manual,141,233.9078014184397,9.991489361702127,2.5666666666666664
2020,A,Automatic,259,278.26254826254825,12.051351351351352,3.7772200772200772
2020,AM,Automated Manual,116,259.67241379310343,11.099137931034482,3.0163793103448273
2020,AS,Automatic with Select Shift,413,259.17917675544794,11.170217917675545,3.1343825665859564
2020,AV,Continuously Variable,88,178.5909090909091,7.618181818181818,2.15
2020,M,Manual,99,237.010101010101,10.118181818181819,2.672727272727273
2021,A,Automatic,294,285.187074829932,12.1,3.853061224489796
2021,AM,Automated Manual,127,271.79527559055117,11.581889763779529,3.159055118110236
2021,AS,Automatic with Select Shift,382,259.5104712041885,11.192146596858638,3.10130890052356
2021,AV,Continuously Variable,86,173.58139534883722,7.404651162790697,2.124418604651163
2021,M,Manual,81,239.76543209876544,10.237037037037037,2.714814814814815
2022,A,Automatic,273,289.5531135531136,12.326007326007327,3.8523809523809525
2022,AM,Automated Manual,132,261.81060606060606,11.153030303030304,2.993181818181818
2022,AS,Automatic with Select Shift,368,263.25,11.341847826086957,3.185326086956522
2022,AV,Continuously Variable,96,175.71875,7.494791666666667,2.1020833333333333
2022,M,Manual,90,248.2888888888889,10.616666666666667,2.8200000000000003
2023,A,Automatic,211,283.77251184834125,12.118957345971564,3.740758293838862
2023,AM,Automated Manual,78,244.16666666666666,10.434615384615384,2.85
2023,AS,Automatic with Select Shift,355,264.54084507042256,11.423380281690141,3.1977464788732397
2023,AV,Continuously Variable,91,175.2087912087912,7.478021978021978,2.0813186813186815
2023,M,Manual,64,247.46875,10.56875,2.8453125
